Complaint ID,Product,Sub-product,Issue,Sub-issue,State,ZIP code,Submitted via,Date received,Date sent to company,Company,Company response,Timely response?,Consumer disputed?
1431865,Consumer loan,Vehicle loan,Managing the loan or lease,,NJ,8736,Web,6/22/2015,6/22/2015,Nissan Motor Acceptance Corporation,In progress,Yes,
1431374,Debt collection,Medical,Disclosure verification of debt,Not given enough info to verify debt,WI,54140,Web,6/22/2015,6/22/2015,"RSI Enterprises, Inc.",Closed with explanation,Yes,
1431251,Mortgage,Conventional fixed mortgage,"Loan modification,collection,foreclosure",,MO,63368,Web,6/22/2015,6/22/2015,Flagstar Bank,In progress,Yes,
1431743,Debt collection,Medical,Cont'd attempts collect debt not owed,Debt is not mine,WA,98055,Web,6/22/2015,6/22/2015,"P.S.C., Inc",Closed with explanation,Yes,Yes
1432678,Debt collection,Medical,Cont'd attempts collect debt not owed,Debt was paid,TX,75104,Web,6/22/2015,6/22/2015,"ProCollect, Inc",Closed with explanation,Yes,
1432104,Debt collection,"Other (phone, health club, etc.)",Cont'd attempts collect debt not owed,Debt was paid,CA,95423,Web,6/22/2015,6/22/2015,"Associated Credit Services, Inc.",In progress,Yes,
1431998,Debt collection,"Other (phone, health club, etc.)",Communication tactics,Frequent or repeated calls,TX,75048,Web,6/22/2015,6/22/2015,"EOS Holdings, Inc.",Closed with explanation,Yes,
1432207,Debt collection,Medical,Disclosure verification of debt,Right to dispute notice not received,TX,75125,Web,6/22/2015,6/22/2015,"ProCollect, Inc",Closed with explanation,Yes,
1432202,Consumer loan,Vehicle loan,Problems when you are unable to pay,,TN,37174,Web,6/22/2015,6/22/2015,Navy FCU,In progress,Yes,
1432334,Debt collection,"Other (phone, health club, etc.)",Disclosure verification of debt,Right to dispute notice not received,FL,33830,Web,6/22/2015,6/22/2015,"Enhanced Recovery Company, LLC",Closed with non-monetary relief,Yes,
1431188,Debt collection,Payday loan,Communication tactics,Threatened to take legal action,NE,68134,Web,6/22/2015,6/22/2015,"Secure Capital Management, Inc.",Closed with explanation,Yes,
1431358,Money transfers,Domestic (US) money transfer,Money was not available when promised,,AL,35235,Phone,6/22/2015,6/22/2015,MoneyGram,In progress,Yes,
1430973,Debt collection,"Other (phone, health club, etc.)",Cont'd attempts collect debt not owed,Debt was paid,OH,44057,Web,6/21/2015,6/21/2015,"FirstSource Advantage, LLC",Closed with explanation,Yes,
1431167,Debt collection,,Cont'd attempts collect debt not owed,Debt is not mine,CO,80015,Web,6/21/2015,6/22/2015,"Southwest Credit Systems, L.P.",In progress,Yes,
1430909,Credit reporting,,Unable to get credit report/credit score,Problem getting report or credit score,CA,95823,Web,6/21/2015,6/21/2015,Equifax,Closed with explanation,Yes,
1430879,Credit reporting,,Incorrect information on credit report,Information is not mine,TN,38401,Web,6/21/2015,6/21/2015,TransUnion,Closed with explanation,Yes,
1430964,Mortgage,Conventional adjustable mortgage (ARM),"Loan servicing, payments, escrow account",,FL,33412,Web,6/21/2015,6/21/2015,Arbor Residential Mortgage LLC,In progress,Yes,
1430955,Credit reporting,,Incorrect information on credit report,Personal information,WA,98093,Web,6/21/2015,6/21/2015,TransUnion,Closed with non-monetary relief,Yes,
1430945,Credit reporting,,Incorrect information on credit report,Information is not mine,LA,70184,Web,6/21/2015,6/21/2015,Equifax,Closed with explanation,Yes,
1430917,Bank account or service,Checking account,Problems caused by my funds being low,,WA,98665,Web,6/21/2015,6/21/2015,U.S. Bancorp,Closed with explanation,Yes,
1430916,Credit reporting,,Incorrect information on credit report,Information is not mine,TX,75056,Web,6/21/2015,6/21/2015,TransUnion,Closed with explanation,Yes,
1430968,Debt collection,,Communication tactics,Threatened to take legal action,AZ,85705,Web,6/21/2015,6/21/2015,Transworld Systems Inc.,In progress,Yes,
1431161,Debt collection,"Other (phone, health club, etc.)",False statements or representation,Attempted to collect wrong amount,NY,11215,Web,6/21/2015,6/22/2015,"Enhanced Recovery Company, LLC",Closed with non-monetary relief,Yes,
1431060,Credit reporting,,Incorrect information on credit report,Information is not mine,IL,60409,Web,6/21/2015,6/22/2015,Equifax,In progress,Yes,
1431020,Debt collection,"Other (phone, health club, etc.)",Cont'd attempts collect debt not owed,Debt is not mine,DC,20009,Web,6/21/2015,6/21/2015,"RSI Enterprises, Inc.",Closed with explanation,Yes,
1430991,Mortgage,FHA mortgage,"Loan modification,collection,foreclosure",,CA,92404,Web,6/21/2015,6/21/2015,Flagstar Bank,In progress,Yes,
1430994,Bank account or service,Checking account,Problems caused by my funds being low,,NJ,7601,Web,6/21/2015,6/21/2015,Wells Fargo,Closed with explanation,Yes,
1430875,Debt collection,,Cont'd attempts collect debt not owed,Debt was paid,CA,93612,Web,6/21/2015,6/21/2015,Grant Mercantile Agency,Closed with explanation,Yes,
1428774,Debt collection,"Other (phone, health club, etc.)",Communication tactics,Frequent or repeated calls,NC,27804,Web,6/20/2015,6/20/2015,"Green Tree Servicing, LLC",Closed with explanation,Yes,
1428766,Credit reporting,,Incorrect information on credit report,Information is not mine,AL,36092,Web,6/20/2015,6/20/2015,Equifax,Closed with explanation,Yes,
1428739,Debt collection,"Other (phone, health club, etc.)",Cont'd attempts collect debt not owed,Debt is not mine,FL,33990,Web,6/20/2015,6/20/2015,"Rozlin Financial Group, Inc.",In progress,Yes,
1428738,Credit reporting,,Incorrect information on credit report,Account status,FL,33596,Web,6/20/2015,6/20/2015,"ONLINE Information Services, Inc.",Closed with explanation,Yes,
1428665,Credit reporting,,Incorrect information on credit report,Account status,CA,92543,Web,6/20/2015,6/20/2015,Equifax,Closed with explanation,Yes,
1428653,Debt collection,"Other (phone, health club, etc.)",Cont'd attempts collect debt not owed,Debt was paid,AZ,85234,Web,6/20/2015,6/20/2015,Stellar Recovery Inc.,Closed with explanation,Yes,
1428638,Debt collection,"Other (phone, health club, etc.)",Disclosure verification of debt,Not given enough info to verify debt,AZ,85013,Web,6/20/2015,6/20/2015,"Enhanced Recovery Company, LLC",Closed with explanation,Yes,
1428812,Mortgage,Conventional adjustable mortgage (ARM),"Application, originator, mortgage broker",,CA,92584,Web,6/20/2015,6/20/2015,Ocwen,Closed with explanation,Yes,Yes
1428810,Debt collection,"Other (phone, health club, etc.)",Cont'd attempts collect debt not owed,Debt is not mine,CA,92584,Web,6/20/2015,6/20/2015,Ocwen,Closed with explanation,Yes,Yes
1428786,Credit reporting,,Incorrect information on credit report,Public record,IL,60632,Web,6/20/2015,6/20/2015,Equifax,Closed with explanation,Yes,
1428833,Debt collection,Medical,Improper contact or sharing of info,Talked to a third party about my debt,GA,30144,Web,6/20/2015,6/20/2015,Consumer Adjustment Company Incorporated,Closed with non-monetary relief,Yes,
1428835,Credit reporting,,Incorrect information on credit report,Information is not mine,GA,31763,Web,6/20/2015,6/20/2015,"FNIS (Fidelity National Information Services, Inc.)",Closed with explanation,Yes,
1428850,Credit reporting,,Unable to get credit report/credit score,Problem getting my free annual report,AK,99708,Web,6/20/2015,6/20/2015,Equifax,Closed with non-monetary relief,Yes,
1428866,Debt collection,,False statements or representation,Attempted to collect wrong amount,FL,32250,Web,6/20/2015,6/20/2015,Transworld Systems Inc.,In progress,Yes,
1430902,Debt collection,"Other (phone, health club, etc.)",Disclosure verification of debt,Not disclosed as an attempt to collect,NJ,7024,Web,6/20/2015,6/21/2015,"Contract Callers, Inc.",Closed,Yes,
1428632,Credit reporting,,Incorrect information on credit report,Public record,TX,77449,Web,6/20/2015,6/20/2015,Equifax,In progress,Yes,
1428719,Credit reporting,,Unable to get credit report/credit score,Problem getting report or credit score,AZ,85069,Web,6/19/2015,6/20/2015,Equifax,Closed with non-monetary relief,Yes,
1428715,Credit reporting,,Unable to get credit report/credit score,Problem getting my free annual report,AZ,85069,Web,6/19/2015,6/20/2015,Equifax,Closed with non-monetary relief,Yes,
1428696,Credit reporting,,Unable to get credit report/credit score,Problem getting my free annual report,MD,21222,Web,6/19/2015,6/20/2015,Equifax,Closed with explanation,Yes,
1428694,Debt collection,,Cont'd attempts collect debt not owed,Debt resulted from identity theft,FL,33313,Web,6/19/2015,6/20/2015,"Enhanced Recovery Company, LLC",Closed with non-monetary relief,Yes,
1428692,Debt collection,,Cont'd attempts collect debt not owed,Debt resulted from identity theft,FL,33313,Web,6/19/2015,6/20/2015,"Expert Global Solutions, Inc.",In progress,Yes,
1430153,Debt collection,Credit card,Improper contact or sharing of info,Talked to a third party about my debt,NC,28012,Web,6/19/2015,6/19/2015,Credit Corp Solutions Inc.,In progress,Yes,
1430862,Payday loan,,Charged fees or interest I didn't expect,,IN,46507,Web,6/19/2015,6/19/2015,"CashCall, Inc.",Closed with explanation,Yes,
1428990,Debt collection,Medical,Cont'd attempts collect debt not owed,Debt was paid,AZ,85035,Web,6/19/2015,6/19/2015,"Medical Society Business Services, Inc.",Closed with explanation,Yes,
1429111,Credit reporting,,Incorrect information on credit report,Information is not mine,IL,60629,Web,6/19/2015,6/19/2015,Equifax,Closed with explanation,Yes,
1428923,Debt collection,"Other (phone, health club, etc.)",False statements or representation,Attempted to collect wrong amount,TX,75104,Web,6/19/2015,6/20/2015,"Enhanced Recovery Company, LLC",Closed with non-monetary relief,Yes,
1428883,Credit reporting,,Credit reporting company's investigation,Problem with statement of dispute,NC,27408,Web,6/19/2015,6/20/2015,Equifax,In progress,Yes,
1429061,Credit reporting,,Incorrect information on credit report,Public record,TN,37323,Web,6/19/2015,6/19/2015,Equifax,Closed with explanation,Yes,
1429060,Credit reporting,,Incorrect information on credit report,Personal information,,32701,Web,6/19/2015,6/19/2015,TransUnion,Closed with non-monetary relief,Yes,
1430149,Credit reporting,,Incorrect information on credit report,Account status,KS,66605,Web,6/19/2015,6/19/2015,Equifax,In progress,Yes,
1429568,Debt collection,"Other (phone, health club, etc.)",Cont'd attempts collect debt not owed,Debt is not mine,TX,78723,Web,6/19/2015,6/19/2015,"ProCollect, Inc",Closed with explanation,Yes,Yes
1429242,Bank account or service,Checking account,Deposits and withdrawals,,PA,18969,Web,6/19/2015,6/19/2015,Wells Fargo,Closed with monetary relief,Yes,Yes
1429239,Mortgage,Conventional adjustable mortgage (ARM),"Loan servicing, payments, escrow account",,FL,34689,Web,6/19/2015,6/19/2015,Ocwen,Closed with non-monetary relief,Yes,
1429204,Credit reporting,,Credit reporting company's investigation,No notice of investigation status/result,NM,87031,Web,6/19/2015,6/19/2015,Equifax,Closed with explanation,Yes,Yes
1429185,Debt collection,"Other (phone, health club, etc.)",Communication tactics,Used obscene/profane/abusive language,NE,68818,Web,6/19/2015,6/19/2015,Hillcrest Davidson & Assoc,Closed with explanation,Yes,
1429538,Debt collection,Medical,Cont'd attempts collect debt not owed,Debt is not mine,IL,61103,Web,6/19/2015,6/19/2015,"Creditors' Protection Service, Inc.",Closed with explanation,Yes,
1429289,Debt collection,"Other (phone, health club, etc.)",Disclosure verification of debt,Right to dispute notice not received,CA,91607,Postal mail,6/19/2015,6/23/2015,"EOS Holdings, Inc.",Closed with explanation,Yes,
1429346,Debt collection,Medical,Cont'd attempts collect debt not owed,Debt was paid,NJ,7042,Web,6/19/2015,6/19/2015,"ONLINE Information Services, Inc.",Closed with explanation,Yes,
1429345,Credit reporting,,Incorrect information on credit report,Account terms,NC,28731,Web,6/19/2015,6/19/2015,Equifax,In progress,Yes,
1429322,Debt collection,,Communication tactics,Threatened to take legal action,WI,53149,Phone,6/19/2015,6/23/2015,Solidus Group LLC.,Closed with explanation,Yes,
1429534,Consumer loan,Installment loan,Managing the loan or lease,,CA,92027,Referral,6/19/2015,6/22/2015,Navy FCU,In progress,Yes,
1429375,Credit reporting,,Incorrect information on credit report,Information is not mine,NY,11732,Web,6/19/2015,6/19/2015,Equifax,In progress,Yes,
1429442,Credit reporting,,Unable to get credit report/credit score,Problem getting my free annual report,MD,21133,Web,6/19/2015,6/19/2015,Equifax,Closed with explanation,Yes,
1429488,Consumer loan,Vehicle loan,Managing the loan or lease,,MD,20706,Referral,6/19/2015,6/23/2015,Navy FCU,In progress,Yes,
1429466,Debt collection,Medical,Disclosure verification of debt,Not given enough info to verify debt,NJ,8045,Web,6/19/2015,6/19/2015,"HCFS Health Care Financial Services, Inc.",Closed with explanation,Yes,
1429465,Credit reporting,,Incorrect information on credit report,Personal information,NJ,8045,Web,6/19/2015,6/19/2015,TransUnion,Closed with explanation,Yes,
1430147,Credit reporting,,Incorrect information on credit report,Account status,KS,66605,Web,6/19/2015,6/19/2015,TransUnion,Closed with explanation,Yes,
1429748,Credit reporting,,Incorrect information on credit report,Information is not mine,AZ,85215,Web,6/19/2015,6/19/2015,TransUnion,Closed with explanation,Yes,
1429673,Debt collection,Payday loan,Improper contact or sharing of info,Contacted employer after asked not to,TX,77088,Web,6/19/2015,6/19/2015,"Secure Capital Management, Inc.",Closed with explanation,Yes,
1429617,Bank account or service,Checking account,Deposits and withdrawals,,AE,23669,Web,6/19/2015,6/19/2015,Navy FCU,In progress,Yes,
1429570,Consumer loan,Vehicle loan,Managing the loan or lease,,IL,60441,Referral,6/19/2015,6/22/2015,Ally Financial Inc.,In progress,Yes,
1429600,Debt collection,Payday loan,Cont'd attempts collect debt not owed,Debt was paid,OH,45402,Web,6/19/2015,6/19/2015,"Wilson, Riley & Assoc",In progress,Yes,
1429592,Credit reporting,,Incorrect information on credit report,Information is not mine,NY,12901,Web,6/19/2015,6/19/2015,Equifax,Closed with explanation,Yes,
1429726,Credit reporting,,Incorrect information on credit report,Public record,CA,91915,Web,6/19/2015,6/19/2015,TransUnion,Closed with explanation,Yes,
1429723,Debt collection,Medical,Disclosure verification of debt,Not disclosed as an attempt to collect,MD,21222,Web,6/19/2015,6/19/2015,Transworld Systems Inc.,In progress,Yes,
1429682,Credit card,,Credit line increase/decrease,,NC,27612,Web,6/19/2015,6/19/2015,"Continental Finance Company, LLC",In progress,Yes,
1429698,Debt collection,Credit card,Communication tactics,Frequent or repeated calls,IN,47150,Web,6/19/2015,6/19/2015,Atlantic Recovery Solutions LLC,Closed with explanation,Yes,
1430144,Money transfers,Domestic (US) money transfer,Fraud or scam,,CA,94521,Web,6/19/2015,6/19/2015,MoneyGram,In progress,Yes,
1429964,Credit reporting,,Improper use of my credit report,Report improperly shared by CRC,MA,2780,Web,6/19/2015,6/19/2015,"FNIS (Fidelity National Information Services, Inc.)",Closed with explanation,Yes,
1429867,Debt collection,"Other (phone, health club, etc.)",Cont'd attempts collect debt not owed,Debt was paid,FL,33325,Web,6/19/2015,6/19/2015,Transworld Systems Inc.,In progress,Yes,
1429948,Credit reporting,,Incorrect information on credit report,Account status,NV,89448,Web,6/19/2015,6/19/2015,Equifax,In progress,Yes,
1429919,Debt collection,"Other (phone, health club, etc.)",Cont'd attempts collect debt not owed,Debt is not mine,GA,30904,Web,6/19/2015,6/19/2015,"Asset Management Outsourcing, Inc.",Closed with explanation,Yes,
1429881,Bank account or service,Checking account,Problems caused by my funds being low,,MA,1106,Web,6/19/2015,6/19/2015,TD Bank,Closed with monetary relief,Yes,
1429895,Debt collection,"Other (phone, health club, etc.)",Cont'd attempts collect debt not owed,Debt is not mine,AZ,85298,Web,6/19/2015,6/19/2015,"P.S.C., Inc",Closed with explanation,Yes,Yes
1430137,Bank account or service,Other bank product/service,Deposits and withdrawals,,CA,30087,Referral,6/19/2015,6/22/2015,SunTrust Bank,Closed with explanation,Yes,
1429968,Credit reporting,,Credit reporting company's investigation,Problem with statement of dispute,CA,92625,Web,6/19/2015,6/19/2015,TransUnion,Closed with explanation,Yes,
1430103,Debt collection,Medical,Communication tactics,Frequent or repeated calls,NC,28056,Web,6/19/2015,6/19/2015,"Jon Barry and Associates, Inc.",Closed with non-monetary relief,Yes,
1430017,Credit reporting,,Credit reporting company's investigation,Inadequate help over the phone,VA,23223,Web,6/19/2015,6/19/2015,Equifax,In progress,Yes,
1430160,Consumer loan,Vehicle loan,Shopping for a loan or lease,,CA,91913,Web,6/19/2015,6/19/2015,Navy FCU,In progress,Yes,
1430333,Credit reporting,,Unable to get credit report/credit score,Problem getting report or credit score,CT,6416,Web,6/19/2015,6/19/2015,Equifax,Closed with explanation,Yes,
1430686,Credit card,,Billing statement,,PA,17967,Web,6/19/2015,6/19/2015,Navy FCU,In progress,Yes,
1430313,Bank account or service,Cashing a check without an account,Deposits and withdrawals,,MS,39571,Web,6/19/2015,6/19/2015,Navy FCU,In progress,Yes,
1430305,Credit reporting,,Incorrect information on credit report,Information is not mine,CA,90804,Web,6/19/2015,6/19/2015,Equifax,Closed with non-monetary relief,Yes,
1430294,Credit reporting,,Incorrect information on credit report,Information is not mine,CA,90220,Web,6/19/2015,6/19/2015,"Sterling Infosystems, Inc.",Closed with explanation,Yes,Yes
1430284,Credit reporting,,Unable to get credit report/credit score,Problem getting report or credit score,GA,31908,Web,6/19/2015,6/19/2015,Equifax,Closed with explanation,Yes,
1430248,Credit reporting,,Improper use of my credit report,Report improperly shared by CRC,CA,92253,Web,6/19/2015,6/19/2015,TransUnion,Closed with explanation,Yes,Yes
1430421,Payday loan,,Charged fees or interest I didn't expect,,LA,70122,Web,6/19/2015,6/19/2015,Speedy Cash Holdings,Closed with explanation,Yes,
1430513,Credit reporting,,Incorrect information on credit report,Account status,FL,33324,Web,6/19/2015,6/19/2015,Equifax,In progress,Yes,
1430397,Debt collection,,Communication tactics,Frequent or repeated calls,OR,97045,Web,6/19/2015,6/19/2015,"Hunter Warfield, Inc.",In progress,Yes,
1430355,Bank account or service,Checking account,Deposits and withdrawals,,CA,94536,Web,6/19/2015,6/19/2015,Wells Fargo,Closed with explanation,Yes,
1430338,Debt collection,,False statements or representation,Attempted to collect wrong amount,AK,99669,Web,6/19/2015,6/19/2015,Transworld Systems Inc.,In progress,Yes,
1430509,Bank account or service,Checking account,"Account opening, closing, or management",,PA,19609,Referral,6/19/2015,6/22/2015,Santander Bank US,In progress,Yes,
1430444,Mortgage,Conventional adjustable mortgage (ARM),"Loan servicing, payments, escrow account",,CA,92629,Web,6/19/2015,6/19/2015,"Bayview Loan Servicing, LLC",In progress,Yes,
1430494,Bank account or service,Checking account,Deposits and withdrawals,,FL,33139,Referral,6/19/2015,6/22/2015,Wells Fargo,Closed with monetary relief,Yes,
1430468,Bank account or service,Checking account,"Making/receiving payments, sending money",,CA,92501,Web,6/19/2015,6/19/2015,Navy FCU,In progress,Yes,
1430682,Debt collection,,Improper contact or sharing of info,Talked to a third party about my debt,IA,52404,Web,6/19/2015,6/19/2015,"JH Portfolio Debt Equities, LLC",Closed with explanation,Yes,
1430463,Debt collection,,Taking/threatening an illegal action,Threatened arrest/jail if do not pay,IN,46637,Web,6/19/2015,6/19/2015,"JH Portfolio Debt Equities, LLC",Closed with explanation,Yes,
1430675,Credit reporting,,Credit reporting company's investigation,Inadequate help over the phone,FL,32762,Web,6/19/2015,6/19/2015,Equifax,In progress,Yes,
1430527,Debt collection,,Improper contact or sharing of info,Contacted employer after asked not to,FL,34952,Web,6/19/2015,6/19/2015,"SFS, Inc",Closed with explanation,Yes,
1430546,Bank account or service,Checking account,Deposits and withdrawals,,PR,936,Referral,6/19/2015,6/22/2015,JPMorgan Chase,Closed with explanation,Yes,Yes
1430528,Credit reporting,,Incorrect information on credit report,Reinserted previously deleted info,PA,15522,Web,6/19/2015,6/19/2015,Equifax,In progress,Yes,
1430175,Credit reporting,,Incorrect information on credit report,Personal information,NJ,8110,Web,6/19/2015,6/19/2015,Equifax,Closed with explanation,Yes,
1429869,Credit card,,Advertising and marketing,,IL,60154,Web,6/19/2015,6/19/2015,Amex,Closed with explanation,Yes,
1429785,Credit reporting,,Incorrect information on credit report,Information is not mine,TX,76133,Web,6/19/2015,6/19/2015,Equifax,In progress,Yes,
1429590,Bank account or service,Other bank product/service,Using a debit or ATM card,,VT,5086,Web,6/19/2015,6/19/2015,First Data Corporation,In progress,Yes,
1429047,Bank account or service,Other bank product/service,Using a debit or ATM card,,AZ,85024,Referral,6/19/2015,6/22/2015,Navy FCU,In progress,Yes,
1429127,Credit reporting,,Unable to get credit report/credit score,Problem getting my free annual report,FL,32250,Web,6/18/2015,6/19/2015,Equifax,Closed with explanation,Yes,
1428440,Credit reporting,,Credit reporting company's investigation,Problem with statement of dispute,CA,93436,Web,6/18/2015,6/18/2015,Equifax,In progress,Yes,
1427578,Debt collection,Medical,False statements or representation,Indicated committed crime not paying,NJ,8882,Web,6/18/2015,6/18/2015,Transworld Systems Inc.,In progress,Yes,
1427269,Credit reporting,,Incorrect information on credit report,Information is not mine,PR,987,Web,6/18/2015,6/18/2015,Equifax,Closed with explanation,Yes,
1427153,Debt collection,Medical,Communication tactics,Frequent or repeated calls,MA,2601,Web,6/18/2015,6/22/2015,Transworld Systems Inc.,In progress,Yes,
1427472,Mortgage,Conventional fixed mortgage,"Loan servicing, payments, escrow account",,MT,59911,Web,6/18/2015,6/18/2015,Nationstar Mortgage,Closed with explanation,Yes,
1426717,Credit reporting,,Incorrect information on credit report,Public record,NC,28212,Web,6/18/2015,6/18/2015,Equifax,Closed with explanation,Yes,
1426667,Credit reporting,,Unable to get credit report/credit score,Problem getting report or credit score,SC,29673,Web,6/18/2015,6/19/2015,Equifax,Closed with explanation,Yes,
1426733,Debt collection,Credit card,Improper contact or sharing of info,Contacted employer after asked not to,VA,23112,Web,6/18/2015,6/18/2015,"Merchants and Medical Credit Corporation, Inc.",Closed with explanation,Yes,
1426726,Debt collection,Credit card,Cont'd attempts collect debt not owed,Debt was paid,VA,23224,Fax,6/18/2015,6/22/2015,Convergys,In progress,Yes,
1426722,Credit reporting,,Incorrect information on credit report,Account status,OH,44129,Web,6/18/2015,6/18/2015,Equifax,In progress,Yes,
1426681,Debt collection,"Other (phone, health club, etc.)",Cont'd attempts collect debt not owed,Debt is not mine,CA,90034,Web,6/18/2015,6/18/2015,"Enhanced Recovery Company, LLC",Closed with non-monetary relief,Yes,Yes
1426676,Payday loan,,Can't contact lender,,SC,29072,Web,6/18/2015,6/22/2015,"Enhanced Recovery Company, LLC",Closed with non-monetary relief,Yes,
1426708,Debt collection,,False statements or representation,Impersonated an attorney or official,NC,28214,Web,6/18/2015,6/18/2015,Solidus Group LLC.,Closed with explanation,Yes,
1426698,Credit reporting,,Incorrect information on credit report,Public record,CA,95361,Web,6/18/2015,6/18/2015,Equifax,Closed with explanation,Yes,
1427141,Credit reporting,,Unable to get credit report/credit score,Problem getting my free annual report,NY,11209,Web,6/18/2015,6/18/2015,Equifax,Closed with explanation,Yes,
1427469,Debt collection,"Other (phone, health club, etc.)",Cont'd attempts collect debt not owed,Debt was paid,FL,33173,Web,6/18/2015,6/18/2015,"Diversified Consultants, Inc.",Closed with explanation,Yes,
1427131,Debt collection,Medical,Disclosure verification of debt,Not given enough info to verify debt,TX,75248,Web,6/18/2015,6/18/2015,Transworld Systems Inc.,Closed with explanation,Yes,
1426872,Debt collection,,Cont'd attempts collect debt not owed,Debt resulted from identity theft,CT,6830,Web,6/18/2015,6/23/2015,Transworld Systems Inc.,In progress,Yes,
1427121,Debt collection,Medical,Communication tactics,Used obscene/profane/abusive language,AZ,86505,Web,6/18/2015,6/18/2015,"RSI Enterprises, Inc.",Closed with explanation,Yes,Yes
1426873,Credit reporting,,Incorrect information on credit report,Reinserted previously deleted info,OR,97229,Web,6/18/2015,6/18/2015,Equifax,In progress,Yes,
1427094,Credit reporting,,Improper use of my credit report,Report shared with employer w/o consent,GA,30286,Web,6/18/2015,6/18/2015,Equifax,Closed with explanation,Yes,Yes
1426958,Debt collection,,Cont'd attempts collect debt not owed,Debt was paid,OH,43026,Web,6/18/2015,6/18/2015,Oracle Financial Group LLC.,Closed with monetary relief,Yes,
1427267,Debt collection,Credit card,Improper contact or sharing of info,Talked to a third party about my debt,FL,34209,Web,6/18/2015,6/18/2015,Citibank,Closed with explanation,Yes,
1427407,Debt collection,Medical,Disclosure verification of debt,Not given enough info to verify debt,FL,34984,Web,6/18/2015,6/18/2015,"Commonwealth Financial Systems, Inc.",Closed with explanation,Yes,
1427240,Credit reporting,,Unable to get credit report/credit score,Problem getting my free annual report,MO,64068,Web,6/18/2015,6/18/2015,Equifax,Closed with explanation,Yes,
1427151,Debt collection,Medical,Disclosure verification of debt,Not given enough info to verify debt,KY,40069,Web,6/18/2015,6/18/2015,"Citi Management Group, LLC",Closed with explanation,Yes,
1427219,Debt collection,,Disclosure verification of debt,Not given enough info to verify debt,FL,32207,Phone,6/18/2015,6/22/2015,Transworld Systems Inc.,In progress,Yes,
1427155,Debt collection,,Cont'd attempts collect debt not owed,Debt is not mine,MD,20747,Web,6/18/2015,6/23/2015,"EOS Holdings, Inc.",Closed with explanation,Yes,
1427390,Debt collection,,Communication tactics,Frequent or repeated calls,TX,76020,Web,6/18/2015,6/18/2015,"JH Portfolio Debt Equities, LLC",Closed with explanation,Yes,
1427388,Credit reporting,,Unable to get credit report/credit score,Problem getting report or credit score,WA,98103,Web,6/18/2015,6/18/2015,Equifax,Closed with explanation,Yes,
1427297,Credit reporting,,Incorrect information on credit report,Information is not mine,UT,84074,Web,6/18/2015,6/18/2015,Equifax,Closed with explanation,Yes,
1427377,Money transfers,International money transfer,Money was not available when promised,,,16,Phone,6/18/2015,6/22/2015,MoneyGram,In progress,Yes,
1427374,Debt collection,"Other (phone, health club, etc.)",Cont'd attempts collect debt not owed,Debt was discharged in bankruptcy,CA,91730,Web,6/18/2015,6/18/2015,"Convergent Resources, Inc.",Closed with explanation,Yes,
1428240,Debt collection,"Other (phone, health club, etc.)",Communication tactics,Frequent or repeated calls,UT,84119,Web,6/18/2015,6/18/2015,Bonneville Billing and Collections,Closed with explanation,Yes,
1427818,Debt collection,Auto,Cont'd attempts collect debt not owed,Debt is not mine,NC,27010,Web,6/18/2015,6/18/2015,Roquemore Holdings LLC,Closed with explanation,Yes,
1427514,Debt collection,"Other (phone, health club, etc.)",Cont'd attempts collect debt not owed,Debt is not mine,TX,78260,Web,6/18/2015,6/18/2015,Credit Corp Solutions Inc.,In progress,Yes,
1427544,Credit card,,Billing disputes,,WI,53207,Web,6/18/2015,6/18/2015,Discover,Closed with explanation,Yes,
1427685,Debt collection,"Other (phone, health club, etc.)",Cont'd attempts collect debt not owed,Debt was paid,WA,98501,Referral,6/18/2015,6/23/2015,Servatus Corporation,Closed with non-monetary relief,Yes,
1427632,Mortgage,Conventional fixed mortgage,"Application, originator, mortgage broker",,MA,2135,Web,6/18/2015,6/18/2015,Nationstar Mortgage,Closed with explanation,Yes,
1427613,Credit reporting,,Incorrect information on credit report,Information is not mine,CA,92658,Web,6/18/2015,6/18/2015,Equifax,In progress,Yes,
1427589,Debt collection,Payday loan,Improper contact or sharing of info,Contacted employer after asked not to,MI,48217,Web,6/18/2015,6/18/2015,"National Credit Adjusters, LLC",Closed with explanation,Yes,
1428055,Credit reporting,,Unable to get credit report/credit score,Problem getting my free annual report,SC,29212,Web,6/18/2015,6/18/2015,Equifax,Closed with non-monetary relief,Yes,
1428236,Credit reporting,,Incorrect information on credit report,Account status,IL,60445,Web,6/18/2015,6/19/2015,Equifax,Closed with explanation,Yes,Yes
1427870,Debt collection,Auto,Communication tactics,Frequent or repeated calls,PA,18080,Web,6/18/2015,6/18/2015,Ally Financial Inc.,In progress,Yes,
1428052,Credit reporting,,Unable to get credit report/credit score,Problem getting report or credit score,OH,44035,Web,6/18/2015,6/18/2015,Equifax,Closed with explanation,Yes,
1427873,Credit card,,APR or interest rate,,NJ,7405,Web,6/18/2015,6/18/2015,Discover,Closed with explanation,Yes,
1427878,Mortgage,Conventional fixed mortgage,"Loan modification,collection,foreclosure",,TN,37754,Web,6/18/2015,6/18/2015,Ocwen,Closed with explanation,Yes,
1427984,Credit reporting,,Unable to get credit report/credit score,Problem getting my free annual report,TX,75025,Web,6/18/2015,6/18/2015,Equifax,Closed with explanation,Yes,
1428208,Mortgage,Conventional fixed mortgage,"Loan servicing, payments, escrow account",,GA,30062,Web,6/18/2015,6/18/2015,Nationstar Mortgage,Closed with explanation,Yes,
1428184,Debt collection,"Other (phone, health club, etc.)",Improper contact or sharing of info,Talked to a third party about my debt,MN,55016,Web,6/18/2015,6/18/2015,"Enhanced Recovery Company, LLC",Closed with explanation,Yes,
1428116,Credit reporting,,Incorrect information on credit report,Account terms,IN,46227,Web,6/18/2015,6/18/2015,Equifax,In progress,Yes,
1428112,Credit card,,Credit determination,,NY,11414,Web,6/18/2015,6/18/2015,Army and Air Force Exchange Service,Closed with explanation,Yes,Yes
1428197,Credit reporting,,Incorrect information on credit report,Account status,,953,Web,6/18/2015,6/18/2015,Equifax,Closed with explanation,Yes,
1428423,Mortgage,Other mortgage,"Loan modification,collection,foreclosure",,FL,33025,Referral,6/18/2015,6/23/2015,Kondaur Capital Corporation,Closed with explanation,Yes,
1428311,Credit reporting,,Incorrect information on credit report,Public record,CA,94531,Web,6/18/2015,6/18/2015,Equifax,In progress,Yes,
1428308,Consumer loan,Vehicle loan,Shopping for a loan or lease,,FL,32226,Web,6/18/2015,6/18/2015,American Honda Finance Corporation,Closed with explanation,Yes,Yes
1428274,Credit reporting,,Incorrect information on credit report,Account status,CA,94054,Web,6/18/2015,6/18/2015,Equifax,In progress,Yes,
1428305,Credit reporting,,Credit reporting company's investigation,Investigation took too long,NJ,7927,Web,6/18/2015,6/18/2015,"FNIS (Fidelity National Information Services, Inc.)",Closed with explanation,Yes,Yes
1428422,Credit reporting,,Incorrect information on credit report,Account status,OH,44124,Web,6/18/2015,6/18/2015,Equifax,Closed with explanation,Yes,
1428320,Credit reporting,,Unable to get credit report/credit score,Problem getting report or credit score,IN,46803,Web,6/18/2015,6/19/2015,Equifax,In progress,Yes,
1428330,Credit reporting,,Improper use of my credit report,Report improperly shared by CRC,,95070,Web,6/18/2015,6/18/2015,Equifax,In progress,Yes,
1428415,Credit reporting,,Incorrect information on credit report,Personal information,OR,97201,Web,6/18/2015,6/18/2015,Equifax,Closed with explanation,Yes,
1428370,Consumer loan,Vehicle loan,Taking out the loan or lease,,FL,32829,Web,6/18/2015,6/18/2015,Mercedes-Benz Financial Services,Closed with explanation,Yes,
1428356,Debt collection,"Other (phone, health club, etc.)",Improper contact or sharing of info,Contacted employer after asked not to,SD,57636,Web,6/18/2015,6/18/2015,"Express Collections, Inc.",Closed with non-monetary relief,Yes,
1428601,Bank account or service,Checking account,"Account opening, closing, or management",,NJ,8629,Web,6/18/2015,6/18/2015,Wells Fargo,Closed with non-monetary relief,Yes,
1428442,Credit reporting,,Credit reporting company's investigation,Problem with statement of dispute,CA,93436,Web,6/18/2015,6/19/2015,Equifax,Closed with non-monetary relief,Yes,Yes
1428431,Mortgage,FHA mortgage,"Loan modification,collection,foreclosure",,TX,78744,Web,6/18/2015,6/18/2015,HSBC,Closed with explanation,Yes,
1426655,Consumer loan,Vehicle loan,Managing the loan or lease,,SC,29063,Phone,6/18/2015,6/22/2015,Wells Fargo,Closed with explanation,Yes,
1429145,Credit reporting,,Incorrect information on credit report,Information is not mine,MO,63114,Web,6/18/2015,6/19/2015,Equifax,Closed with explanation,Yes,
1429042,Credit reporting,,Incorrect information on credit report,Account status,NY,11423,Web,6/18/2015,6/19/2015,Equifax,Closed with explanation,Yes,
1429090,Money transfers,Domestic (US) money transfer,Fraud or scam,,IL,60651,Web,6/18/2015,6/18/2015,MoneyGram,In progress,Yes,
1429157,Debt collection,"Other (phone, health club, etc.)",Cont'd attempts collect debt not owed,Debt resulted from identity theft,AZ,85713,Web,6/18/2015,6/19/2015,Stellar Recovery Inc.,Closed with explanation,Yes,
1429152,Mortgage,Conventional fixed mortgage,"Loan modification,collection,foreclosure",,FL,32211,Web,6/18/2015,6/19/2015,Nationstar Mortgage,Closed with explanation,Yes,
1429165,Credit reporting,,Incorrect information on credit report,Information is not mine,MI,48223,Web,6/18/2015,6/19/2015,Equifax,In progress,Yes,
1429162,Debt collection,Medical,Cont'd attempts collect debt not owed,Debt was paid,NY,10601,Web,6/18/2015,6/19/2015,Transworld Systems Inc.,In progress,Yes,
1430459,Credit card,,Billing disputes,,NJ,7753,Web,6/18/2015,6/23/2015,Navy FCU,In progress,Yes,
1429180,Mortgage,Home equity loan or line of credit,"Application, originator, mortgage broker",,TX,79927,Web,6/18/2015,6/19/2015,Amerisave,Closed with explanation,Yes,
1429020,Debt collection,Medical,Cont'd attempts collect debt not owed,Debt was paid,OH,44142,Web,6/18/2015,6/18/2015,Fidelity Properties Inc.,Closed with explanation,Yes,
1429007,Credit reporting,,Credit reporting company's investigation,Problem with statement of dispute,LA,71211,Web,6/18/2015,6/19/2015,Equifax,Closed with explanation,Yes,
1429091,Money transfers,International money transfer,Fraud or scam,,FL,33815,Web,6/18/2015,6/18/2015,MoneyGram,In progress,Yes,
1424832,Credit reporting,,Incorrect information on credit report,Information is not mine,,2124,Web,6/17/2015,6/17/2015,TransUnion,Closed with explanation,Yes,
1424841,Consumer loan,Installment loan,Managing the loan or lease,,AR,72112,Phone,6/17/2015,6/19/2015,"Expert Global Solutions, Inc.",In progress,Yes,
1424838,Credit reporting,,Credit reporting company's investigation,Problem with statement of dispute,TX,77389,Web,6/17/2015,6/17/2015,Equifax,In progress,Yes,
1424860,Debt collection,Medical,Improper contact or sharing of info,Contacted employer after asked not to,FL,33435,Web,6/17/2015,6/17/2015,"Commonwealth Financial Systems, Inc.",Closed with explanation,Yes,
1424845,Credit reporting,,Incorrect information on credit report,Account status,IL,60404,Web,6/17/2015,6/17/2015,Equifax,In progress,Yes,
1426735,Credit reporting,,Credit reporting company's investigation,Problem with statement of dispute,TX,79930,Web,6/17/2015,6/19/2015,Equifax,Closed with explanation,Yes,Yes
1424846,Credit reporting,,Incorrect information on credit report,Account status,IL,60404,Web,6/17/2015,6/17/2015,TransUnion,Closed with explanation,Yes,
1424862,Debt collection,Medical,Cont'd attempts collect debt not owed,Debt is not mine,FL,33435,Web,6/17/2015,6/17/2015,"CMRE Financial Services, Inc.",Closed with explanation,Yes,
1425040,Consumer loan,Installment loan,Taking out the loan or lease,,OH,44112,Postal mail,6/17/2015,6/19/2015,Banco Popular North America,Closed with explanation,Yes,
1426005,Credit reporting,,Incorrect information on credit report,Information is not mine,NC,28645,Web,6/17/2015,6/17/2015,TransUnion,Closed with explanation,Yes,
1426091,Credit reporting,,Incorrect information on credit report,Information is not mine,TX,79424,Web,6/17/2015,6/17/2015,Equifax,In progress,Yes,
1424980,Debt collection,Non-federal student loan,Communication tactics,Frequent or repeated calls,AZ,85308,Web,6/17/2015,6/17/2015,"RMS-Recovery Management Services, Inc.",Closed with explanation,Yes,
1425975,Bank account or service,Checking account,Problems caused by my funds being low,,OH,43113,Web,6/17/2015,6/17/2015,JPMorgan Chase,Closed with monetary relief,Yes,
1425353,Credit reporting,,Incorrect information on credit report,Account status,NJ,8012,Web,6/17/2015,6/17/2015,Equifax,In progress,Yes,
1424976,Credit reporting,,Credit reporting company's investigation,Investigation took too long,GA,30907,Web,6/17/2015,6/19/2015,Equifax,In progress,Yes,
1425335,Credit reporting,,Incorrect information on credit report,Account status,CA,90620,Web,6/17/2015,6/17/2015,Equifax,Closed with explanation,Yes,
1425021,Debt collection,"Other (phone, health club, etc.)",Disclosure verification of debt,Right to dispute notice not received,LA,71107,Web,6/17/2015,6/17/2015,Stellar Recovery Inc.,Closed with explanation,Yes,Yes
1425293,Bank account or service,Other bank product/service,"Making/receiving payments, sending money",,VA,22182,Web,6/17/2015,6/19/2015,Wells Fargo,Closed with explanation,Yes,Yes
1425005,Debt collection,Non-federal student loan,Disclosure verification of debt,Not disclosed as an attempt to collect,PA,15314,Web,6/17/2015,6/22/2015,Transworld Systems Inc.,In progress,Yes,
1424982,Debt collection,"Other (phone, health club, etc.)",Cont'd attempts collect debt not owed,Debt is not mine,IL,60477,Web,6/17/2015,6/17/2015,"Convergent Resources, Inc.",Closed with explanation,Yes,
1424991,Debt collection,"Other (phone, health club, etc.)",Communication tactics,Frequent or repeated calls,AZ,85712,Postal mail,6/17/2015,6/19/2015,"LTD Financial Services, L.P.",Closed with explanation,Yes,
1424988,Debt collection,"Other (phone, health club, etc.)",Cont'd attempts collect debt not owed,Debt resulted from identity theft,AL,35215,Web,6/17/2015,6/17/2015,"Convergent Resources, Inc.",Closed with explanation,Yes,
1424985,Mortgage,FHA mortgage,"Loan modification,collection,foreclosure",,PA,15074,Web,6/17/2015,6/17/2015,"Bayview Loan Servicing, LLC",In progress,Yes,
1425274,Debt collection,Credit card,Cont'd attempts collect debt not owed,Debt is not mine,TX,77005,Web,6/17/2015,6/19/2015,Citibank,Closed,Yes,
1425091,Bank account or service,Checking account,Problems caused by my funds being low,,MA,1985,Web,6/17/2015,6/17/2015,RBS Citizens,Closed with monetary relief,Yes,
1425026,Credit reporting,,Credit reporting company's investigation,Problem with statement of dispute,IL,60440,Web,6/17/2015,6/17/2015,Equifax,In progress,Yes,
1425025,Mortgage,Conventional fixed mortgage,"Loan modification,collection,foreclosure",,MA,1826,Web,6/17/2015,6/17/2015,Santander Bank US,In progress,Yes,
1425086,Debt collection,,Disclosure verification of debt,Right to dispute notice not received,KS,67204,Web,6/17/2015,6/17/2015,"Enhanced Recovery Company, LLC",Closed with non-monetary relief,Yes,
1425045,Debt collection,"Other (phone, health club, etc.)",False statements or representation,Attempted to collect wrong amount,NC,27284,Web,6/17/2015,6/17/2015,DataMax Corporation,Closed with explanation,Yes,Yes
1425083,Credit reporting,,Incorrect information on credit report,Account status,FL,33174,Web,6/17/2015,6/17/2015,Equifax,Closed with explanation,Yes,
1425072,Student loan,Non-federal student loan,Can't repay my loan,,TN,37216,Web,6/17/2015,6/23/2015,Transworld Systems Inc.,In progress,Yes,
1425268,Debt collection,,Cont'd attempts collect debt not owed,Debt is not mine,OK,74115,Phone,6/17/2015,6/22/2015,Global Credit & Collection Corporation,Closed with explanation,Yes,
1425175,Credit card,,Privacy,,NC,28031,Web,6/17/2015,6/17/2015,Capital One,Closed with explanation,Yes,
1425132,Debt collection,Medical,Disclosure verification of debt,Not given enough info to verify debt,TX,77521,Phone,6/17/2015,6/19/2015,Transworld Systems Inc.,In progress,Yes,
1425131,Consumer loan,Vehicle loan,Taking out the loan or lease,,GA,30016,Web,6/17/2015,6/17/2015,DriveTime,Closed with explanation,Yes,
1425256,Bank account or service,Checking account,"Account opening, closing, or management",,NC,28052,Web,6/17/2015,6/17/2015,Wells Fargo,Closed with explanation,Yes,
1425194,Credit reporting,,Incorrect information on credit report,Information is not mine,NE,69341,Web,6/17/2015,6/17/2015,Equifax,Closed with explanation,Yes,
1425204,Debt collection,,Cont'd attempts collect debt not owed,Debt is not mine,SC,29115,Web,6/17/2015,6/17/2015,"Financial Credit Service, Inc.",Closed with explanation,Yes,
1425203,Credit card,,Other,,FL,34105,Web,6/17/2015,6/17/2015,Wells Fargo,Closed with non-monetary relief,Yes,
1425325,Debt collection,Medical,Cont'd attempts collect debt not owed,Debt was paid,PA,19382,Web,6/17/2015,6/17/2015,"Commonwealth Financial Systems, Inc.",Closed with explanation,Yes,
1425302,Debt collection,Payday loan,Cont'd attempts collect debt not owed,Debt was paid,IA,51555,Web,6/17/2015,6/19/2015,"QC Holdings, Inc.",Closed with explanation,Yes,
1425315,Debt collection,,Cont'd attempts collect debt not owed,Debt is not mine,NM,87114,Phone,6/17/2015,6/23/2015,"Debt Recovery Solutions, LLC",Closed with explanation,Yes,
1425927,Debt collection,Non-federal student loan,Cont'd attempts collect debt not owed,Debt is not mine,OH,44134,Web,6/17/2015,6/17/2015,MOHELA,Closed with explanation,Yes,Yes
1425448,Debt collection,,Cont'd attempts collect debt not owed,Debt is not mine,SC,29732,Web,6/17/2015,6/17/2015,SCV Inc.,Closed with explanation,Yes,
1425761,Consumer loan,Vehicle loan,Managing the loan or lease,,NJ,8203,Web,6/17/2015,6/17/2015,Ally Financial Inc.,In progress,Yes,
1425741,Debt collection,Medical,Cont'd attempts collect debt not owed,Debt is not mine,WA,98506,Web,6/17/2015,6/17/2015,"P.S.C., Inc",Closed with explanation,Yes,
1425376,Debt collection,,Cont'd attempts collect debt not owed,Debt is not mine,TX,75235,Web,6/17/2015,6/17/2015,Alliant Capital Management LLC,Closed with explanation,Yes,
1425366,Mortgage,Conventional fixed mortgage,"Loan servicing, payments, escrow account",,FL,33604,Web,6/17/2015,6/17/2015,OneWest Bank,Closed with explanation,Yes,
1425734,Debt collection,Medical,Cont'd attempts collect debt not owed,Debt is not mine,AZ,85138,Web,6/17/2015,6/17/2015,"Ability Recovery Services, LLC",Closed with explanation,Yes,Yes
1425529,Debt collection,"Other (phone, health club, etc.)",Cont'd attempts collect debt not owed,Debt is not mine,AR,72215,Web,6/17/2015,6/17/2015,Receivables Performance Management LLC,Closed with explanation,Yes,
1425515,Debt collection,Payday loan,Communication tactics,Threatened to take legal action,TX,77586,Phone,6/17/2015,6/19/2015,Cottonwood Financial Ltd.,Closed with explanation,Yes,
1425477,Debt collection,Medical,Disclosure verification of debt,Not given enough info to verify debt,AL,35061,Phone,6/17/2015,6/19/2015,"Amsher Collection Services, Inc.",Closed with explanation,Yes,
1425470,Mortgage,Conventional fixed mortgage,"Application, originator, mortgage broker",,NY,10019,Web,6/17/2015,6/17/2015,Millenium Home Mortgage,Closed with monetary relief,Yes,
1425560,Debt collection,"Other (phone, health club, etc.)",Communication tactics,Frequent or repeated calls,FL,33610,Web,6/17/2015,6/19/2015,Southern Management Systems Inc.,Closed with explanation,Yes,
1425709,Money transfers,International money transfer,Money was not available when promised,,MN,55021,Phone,6/17/2015,6/19/2015,MoneyGram,In progress,Yes,
1425559,Credit reporting,,Incorrect information on credit report,Account status,DC,20018,Web,6/17/2015,6/17/2015,Equifax,In progress,Yes,
1425680,Debt collection,Medical,Disclosure verification of debt,Not given enough info to verify debt,NJ,7001,Web,6/17/2015,6/17/2015,"HCFS Health Care Financial Services, Inc.",Closed with explanation,Yes,
1425567,Debt collection,Medical,Cont'd attempts collect debt not owed,Debt was paid,FL,32505,Phone,6/17/2015,6/19/2015,"Uptain Group, Inc.",Closed with explanation,Yes,
1425635,Payday loan,,Can't contact lender,,CA,95037,Web,6/17/2015,6/19/2015,Speedy Cash Holdings,Closed with explanation,Yes,
1425626,Debt collection,"Other (phone, health club, etc.)",Cont'd attempts collect debt not owed,Debt is not mine,CA,91745,Web,6/17/2015,6/17/2015,"Enhanced Recovery Company, LLC",Closed with non-monetary relief,Yes,
1425921,Mortgage,Conventional fixed mortgage,"Loan modification,collection,foreclosure",,MA,2061,Web,6/17/2015,6/17/2015,Provident Funding,Closed with explanation,Yes,
1425858,Credit reporting,,Incorrect information on credit report,Public record,SC,29464,Web,6/17/2015,6/17/2015,TransUnion,In progress,Yes,
1425854,Debt collection,,Disclosure verification of debt,Right to dispute notice not received,VA,24102,Web,6/17/2015,6/17/2015,Transworld Systems Inc.,In progress,Yes,
1425823,Debt collection,,Cont'd attempts collect debt not owed,Debt is not mine,CA,91403,Web,6/17/2015,6/17/2015,"NRA Group, LLC",Closed with explanation,Yes,
1425811,Debt collection,,Disclosure verification of debt,Not given enough info to verify debt,PR,784,Postal mail,6/17/2015,6/22/2015,"Enhanced Recovery Company, LLC",Closed with non-monetary relief,Yes,
1425770,Debt collection,Credit card,Cont'd attempts collect debt not owed,Debt was paid,ME,4351,Web,6/17/2015,6/17/2015,"FirstSource Advantage, LLC",Closed with explanation,Yes,
1425768,Debt collection,Medical,Cont'd attempts collect debt not owed,Debt was paid,IA,50023,Web,6/17/2015,6/17/2015,"RSH & Associates, LLC",Closed with explanation,Yes,Yes
1425886,Consumer loan,Vehicle loan,Shopping for a loan or lease,,CA,90808,Web,6/17/2015,6/17/2015,U.S. Bancorp,Closed with explanation,Yes,
1425904,Debt collection,,Cont'd attempts collect debt not owed,Debt is not mine,WA,98682,Web,6/17/2015,6/22/2015,Van Ru Credit Corporation,Closed with explanation,Yes,
1426457,Credit reporting,,Incorrect information on credit report,Account status,FL,34654,Web,6/17/2015,6/17/2015,TransUnion,In progress,Yes,
1426345,Debt collection,Mortgage,Disclosure verification of debt,Not disclosed as an attempt to collect,CA,95828,Fax,6/17/2015,6/19/2015,HSBC,Closed with explanation,Yes,
1426118,Debt collection,Credit card,Cont'd attempts collect debt not owed,Debt is not mine,LA,71211,Web,6/17/2015,6/17/2015,IBERIABANK,Closed with explanation,Yes,
1426071,Credit reporting,,Incorrect information on credit report,Public record,FL,32703,Web,6/17/2015,6/17/2015,Equifax,Closed with explanation,Yes,
1426106,Mortgage,Home equity loan or line of credit,"Loan modification,collection,foreclosure",,CA,92325,Web,6/17/2015,6/17/2015,Springleaf Finance Corporation,In progress,Yes,
1426283,Credit reporting,,Unable to get credit report/credit score,Problem getting report or credit score,OH,44035,Web,6/17/2015,6/17/2015,Equifax,In progress,Yes,
1426169,Money transfers,Domestic (US) money transfer,Fraud or scam,,MI,49546,Web,6/17/2015,6/22/2015,MoneyGram,In progress,Yes,
1426143,Debt collection,Medical,False statements or representation,Attempted to collect wrong amount,VA,23464,Web,6/17/2015,6/19/2015,Horizon Financial Management,Closed with explanation,Yes,
1426254,Debt collection,"Other (phone, health club, etc.)",Disclosure verification of debt,Not given enough info to verify debt,TX,75075,Web,6/17/2015,6/17/2015,"Encircle Collections, Inc.",Closed with explanation,Yes,Yes
1426220,Debt collection,"Other (phone, health club, etc.)",Cont'd attempts collect debt not owed,Debt is not mine,GA,30157,Web,6/17/2015,6/17/2015,West Corporation,In progress,Yes,
1426819,Credit reporting,,Incorrect information on credit report,Account terms,FL,32911,Web,6/17/2015,6/18/2015,Equifax,In progress,Yes,
1426182,Debt collection,"Other (phone, health club, etc.)",Improper contact or sharing of info,Talked to a third party about my debt,TX,79936,Web,6/17/2015,6/17/2015,M.A.R.S. Inc.,Closed with explanation,Yes,
1426362,Credit reporting,,Incorrect information on credit report,Public record,MI,48334,Web,6/17/2015,6/17/2015,"FNIS (Fidelity National Information Services, Inc.)",Closed with explanation,Yes,
1426378,Debt collection,,Taking/threatening an illegal action,Threatened to sue on too old debt,GA,30023,Web,6/17/2015,6/17/2015,"H. Kent Hollins, Attorney at Law, P.A",Closed with explanation,Yes,Yes
1426450,Mortgage,Other mortgage,"Loan servicing, payments, escrow account",,GA,30127,Web,6/17/2015,6/19/2015,"Bayview Loan Servicing, LLC",Closed with explanation,Yes,
1426467,Debt collection,,Disclosure verification of debt,Not given enough info to verify debt,FL,33510,Web,6/17/2015,6/17/2015,"Hunter Warfield, Inc.",Closed with explanation,Yes,
1426660,Credit reporting,,Incorrect information on credit report,Personal information,CT,6776,Web,6/17/2015,6/18/2015,Equifax,Closed with explanation,Yes,
1426631,Credit reporting,,Incorrect information on credit report,Account status,NJ,7739,Web,6/17/2015,6/19/2015,Equifax,In progress,Yes,
1424766,Mortgage,FHA mortgage,"Loan modification,collection,foreclosure",,NC,28027,Web,6/17/2015,6/17/2015,Flagstar Bank,Closed with explanation,Yes,
1426653,Credit reporting,,Incorrect information on credit report,Account status,GA,31605,Web,6/17/2015,6/19/2015,Equifax,In progress,Yes,
1426647,Mortgage,Conventional fixed mortgage,"Application, originator, mortgage broker",,PA,18940,Referral,6/17/2015,6/19/2015,Citibank,Closed,Yes,
1426661,Credit reporting,,Incorrect information on credit report,Personal information,CT,6776,Web,6/17/2015,6/18/2015,TransUnion,Closed with explanation,Yes,
1426674,Debt collection,,Cont'd attempts collect debt not owed,Debt is not mine,TX,76092,Web,6/17/2015,6/18/2015,"EOS Holdings, Inc.",Closed with explanation,Yes,Yes
1426820,Credit reporting,,Incorrect information on credit report,Account terms,KY,40258,Web,6/17/2015,6/18/2015,TransUnion,Closed with explanation,Yes,
1426816,Credit reporting,,Incorrect information on credit report,Information is not mine,TX,77043,Web,6/17/2015,6/18/2015,Equifax,In progress,Yes,
1426839,Credit reporting,,Incorrect information on credit report,Information is not mine,CA,95337,Web,6/17/2015,6/18/2015,TransUnion,In progress,Yes,
1426853,Credit reporting,,Improper use of my credit report,Report shared with employer w/o consent,MD,20784,Web,6/17/2015,6/18/2015,Equifax,Closed with explanation,Yes,
1428315,Bank account or service,Checking account,Problems caused by my funds being low,,CA,92307,Web,6/17/2015,6/22/2015,"Early Warning Services, LLC",Closed with explanation,Yes,
1424827,Credit reporting,,Credit monitoring or identity protection,Problem cancelling or closing account,,795,Web,6/17/2015,6/17/2015,Equifax,In progress,Yes,
1424822,Credit reporting,,Incorrect information on credit report,Reinserted previously deleted info,,33020,Web,6/17/2015,6/17/2015,TransUnion,Closed with explanation,Yes,
1424821,Credit reporting,,Incorrect information on credit report,Information is not mine,AL,36360,Web,6/17/2015,6/17/2015,Equifax,Closed with non-monetary relief,Yes,
1424794,Credit reporting,,Incorrect information on credit report,Account status,PR,966,Web,6/17/2015,6/17/2015,Equifax,Closed with non-monetary relief,Yes,
1424483,Credit card,,Advertising and marketing,,NY,14120,Web,6/16/2015,6/18/2015,Amex,Closed with non-monetary relief,Yes,
1423912,Debt collection,,Cont'd attempts collect debt not owed,Debt is not mine,PA,15644,Web,6/16/2015,6/19/2015,"EOS Holdings, Inc.",Closed with explanation,Yes,
1423916,Debt collection,Payday loan,Taking/threatening an illegal action,Threatened arrest/jail if do not pay,CA,91359,Web,6/16/2015,6/16/2015,"Trademark Management Solutions, LLC.",Closed with monetary relief,Yes,Yes
1423888,Mortgage,Other mortgage,"Loan modification,collection,foreclosure",,CA,91304,Referral,6/16/2015,6/19/2015,Ocwen,Closed,Yes,
1423819,Debt collection,"Other (phone, health club, etc.)",Cont'd attempts collect debt not owed,Debt is not mine,NJ,7030,Web,6/16/2015,6/16/2015,Transworld Systems Inc.,Closed with explanation,Yes,
1424501,Credit reporting,,Incorrect information on credit report,Account terms,OH,43081,Web,6/16/2015,6/19/2015,Equifax,In progress,Yes,
1424899,Debt collection,,Cont'd attempts collect debt not owed,Debt is not mine,NJ,8062,Web,6/16/2015,6/17/2015,"Wilber and Associates, P.C.",Closed with explanation,Yes,
1424843,Credit card,,Billing disputes,,FL,32817,Web,6/16/2015,6/17/2015,U.S. Bancorp,Closed with explanation,Yes,
1424868,Credit reporting,,Incorrect information on credit report,Information is not mine,GA,30189,Web,6/16/2015,6/17/2015,Experian,In progress,Yes,
1423542,Student loan,Non-federal student loan,Dealing with my lender or servicer,,AK,99669,Web,6/16/2015,6/16/2015,MOHELA,Closed with explanation,Yes,
1424916,Debt collection,Medical,Disclosure verification of debt,Not given enough info to verify debt,FL,32935,Web,6/16/2015,6/17/2015,"Advanced Collection Bureau, Inc.",Closed with explanation,Yes,
1423380,Debt collection,Medical,Cont'd attempts collect debt not owed,Debt was paid,NY,11510,Postal mail,6/16/2015,6/18/2015,"Debt Recovery Solutions, LLC",Closed with explanation,Yes,
1424921,Mortgage,FHA mortgage,"Loan modification,collection,foreclosure",,CA,95687,Web,6/16/2015,6/17/2015,Bank of America,In progress,Yes,
1424914,Mortgage,Conventional fixed mortgage,"Loan servicing, payments, escrow account",,FL,33315,Web,6/16/2015,6/17/2015,Nationstar Mortgage,Closed with explanation,Yes,
1424944,Credit reporting,,Incorrect information on credit report,Information is not mine,MI,48505,Web,6/16/2015,6/17/2015,TransUnion,Closed with explanation,Yes,
1424920,Credit reporting,,Incorrect information on credit report,Account status,DE,19977,Web,6/16/2015,6/17/2015,Experian,In progress,Yes,
1423235,Credit reporting,,Unable to get credit report/credit score,Problem getting my free annual report,SC,29651,Web,6/16/2015,6/17/2015,Equifax,Closed with explanation,Yes,
1423106,Debt collection,Medical,Disclosure verification of debt,Not given enough info to verify debt,TX,75208,Web,6/16/2015,6/16/2015,"ProCollect, Inc",Closed with explanation,Yes,Yes
1424933,Credit reporting,,Incorrect information on credit report,Account status,NY,14615,Web,6/16/2015,6/17/2015,Equifax,In progress,Yes,
1423041,Credit reporting,,Incorrect information on credit report,Account terms,MA,2081,Web,6/16/2015,6/16/2015,Equifax,Closed with explanation,Yes,
1424930,Debt collection,Medical,Improper contact or sharing of info,Talked to a third party about my debt,FL,32907,Web,6/16/2015,6/17/2015,"CMRE Financial Services, Inc.",In progress,Yes,
1423088,Mortgage,Conventional adjustable mortgage (ARM),"Loan modification,collection,foreclosure",,GA,30253,Web,6/16/2015,6/16/2015,"Select Portfolio Servicing, Inc",Closed with explanation,Yes,Yes
1424964,Credit reporting,,Incorrect information on credit report,Account status,KY,40324,Web,6/16/2015,6/17/2015,Experian,In progress,Yes,
1424937,Credit reporting,,Incorrect information on credit report,Information is not mine,IL,60130,Web,6/16/2015,6/17/2015,TransUnion,Closed with explanation,Yes,
1424957,Credit reporting,,Credit reporting company's investigation,Problem with statement of dispute,NY,11561,Web,6/16/2015,6/17/2015,TransUnion,Closed with explanation,Yes,
1424939,Debt collection,Credit card,Cont'd attempts collect debt not owed,Debt is not mine,TX,77006,Web,6/16/2015,6/19/2015,"Convergent Resources, Inc.",Closed with explanation,Yes,
1424951,Credit reporting,,Incorrect information on credit report,Account terms,TX,77530,Web,6/16/2015,6/19/2015,TransUnion,Closed with explanation,Yes,
1424943,Credit reporting,,Incorrect information on credit report,Account status,NY,11220,Web,6/16/2015,6/17/2015,TransUnion,Closed with explanation,Yes,
1424950,Credit reporting,,Credit reporting company's investigation,No notice of investigation status/result,TX,77530,Web,6/16/2015,6/19/2015,Equifax,Closed with explanation,Yes,
1423057,Debt collection,Medical,Disclosure verification of debt,Not given enough info to verify debt,FL,33141,Web,6/16/2015,6/16/2015,"American Adjustment Bureau, Inc",Closed with explanation,Yes,
1426281,Bank account or service,Checking account,"Account opening, closing, or management",,MD,21740,Web,6/16/2015,6/17/2015,Santander Bank US,In progress,Yes,
1426419,Consumer loan,Vehicle loan,Shopping for a loan or lease,,NV,89123,Web,6/16/2015,6/17/2015,BB&T Financial,Closed with explanation,Yes,
1426490,Student loan,Non-federal student loan,Dealing with my lender or servicer,,FL,32807,Web,6/16/2015,6/17/2015,JPMorgan Chase,Closed with explanation,Yes,
1424500,Credit reporting,,Incorrect information on credit report,Account terms,OH,43081,Web,6/16/2015,6/16/2015,TransUnion,In progress,Yes,
1424310,Credit reporting,,Incorrect information on credit report,Information is not mine,GA,30189,Web,6/16/2015,6/16/2015,TransUnion,Closed with explanation,Yes,
1422862,Debt collection,Credit card,Disclosure verification of debt,Not given enough info to verify debt,AZ,85355,Web,6/16/2015,6/16/2015,Patenaude & Felix APC,Closed with explanation,Yes,
1424296,Debt collection,,Communication tactics,Frequent or repeated calls,AL,36856,Web,6/16/2015,6/16/2015,"Expert Global Solutions, Inc.",Closed with explanation,Yes,
1422680,Debt collection,Medical,Improper contact or sharing of info,Contacted employer after asked not to,CA,92111,Web,6/16/2015,6/19/2015,California Accounts Service,Closed with explanation,Yes,
1422998,Credit reporting,,Incorrect information on credit report,Account status,IL,60404,Web,6/16/2015,6/16/2015,Experian,Closed with non-monetary relief,Yes,
1422672,Credit reporting,,Incorrect information on credit report,Reinserted previously deleted info,,6088,Web,6/16/2015,6/16/2015,TransUnion,Closed with explanation,Yes,
1422671,Credit reporting,,Incorrect information on credit report,Reinserted previously deleted info,,6088,Web,6/16/2015,6/16/2015,Experian,In progress,Yes,
1422646,Credit reporting,,Credit reporting company's investigation,Investigation took too long,CO,80220,Web,6/16/2015,6/16/2015,Experian,Closed with explanation,Yes,
1422617,Credit reporting,,Credit reporting company's investigation,Inadequate help over the phone,CA,94551,Web,6/16/2015,6/16/2015,Experian,Closed with non-monetary relief,Yes,
1422647,Credit reporting,,Credit reporting company's investigation,Investigation took too long,CO,80220,Web,6/16/2015,6/16/2015,Equifax,In progress,Yes,
1422669,Debt collection,"Other (phone, health club, etc.)",Cont'd attempts collect debt not owed,Debt is not mine,NV,89128,Web,6/16/2015,6/16/2015,"Sentry Recovery and Collections, Inc.",Closed with explanation,Yes,Yes
1422648,Credit reporting,,Credit reporting company's investigation,Investigation took too long,CO,80220,Web,6/16/2015,6/16/2015,TransUnion,In progress,Yes,
1422667,Debt collection,"Other (phone, health club, etc.)",Cont'd attempts collect debt not owed,Debt is not mine,NV,89128,Web,6/16/2015,6/16/2015,"Coast to Coast Financial Solutions, Inc.",Closed with explanation,Yes,Yes
1422710,Credit reporting,,Incorrect information on credit report,Account terms,TX,75043,Web,6/16/2015,6/17/2015,Equifax,Closed with explanation,Yes,
1422689,Credit reporting,,Improper use of my credit report,Report improperly shared by CRC,,95758,Web,6/16/2015,6/16/2015,Equifax,Closed with explanation,Yes,Yes
1422673,Credit reporting,,Incorrect information on credit report,Account terms,,77498,Web,6/16/2015,6/16/2015,Experian,In progress,Yes,
1422687,Credit reporting,,Incorrect information on credit report,Account status,FL,33773,Postal mail,6/16/2015,6/18/2015,Equifax,Closed with explanation,Yes,
1422677,Credit reporting,,Incorrect information on credit report,Account status,TX,77002,Web,6/16/2015,6/16/2015,Equifax,Closed with non-monetary relief,Yes,
1422701,Bank account or service,Checking account,"Account opening, closing, or management",,NC,27295,Referral,6/16/2015,6/18/2015,Wells Fargo,Closed with explanation,Yes,
1422694,Mortgage,Other mortgage,"Loan modification,collection,foreclosure",,WA,,Web,6/16/2015,6/18/2015,Kondaur Capital Corporation,Closed with explanation,Yes,
1422690,Credit reporting,,Improper use of my credit report,Report improperly shared by CRC,,95758,Web,6/16/2015,6/16/2015,TransUnion,Closed with explanation,Yes,
1422693,Credit reporting,,Incorrect information on credit report,Account status,,46268,Web,6/16/2015,6/16/2015,Experian,Closed with explanation,Yes,
1422692,Credit reporting,,Incorrect information on credit report,Account status,,46268,Web,6/16/2015,6/16/2015,Equifax,Closed with explanation,Yes,
1422709,Credit reporting,,Incorrect information on credit report,Information is not mine,FL,34108,Web,6/16/2015,6/16/2015,Experian,In progress,Yes,
1422708,Credit reporting,,Incorrect information on credit report,Reinserted previously deleted info,FL,34108,Web,6/16/2015,6/16/2015,Experian,Closed with explanation,Yes,
1422993,Debt collection,"Other (phone, health club, etc.)",Disclosure verification of debt,Not given enough info to verify debt,NY,10032,Postal mail,6/16/2015,6/18/2015,"Enhanced Recovery Company, LLC",Closed with non-monetary relief,Yes,
1422717,Bank account or service,Checking account,Problems caused by my funds being low,,NY,12553,Phone,6/16/2015,6/17/2015,JPMorgan Chase,Closed with explanation,Yes,
1422723,Debt collection,Payday loan,Taking/threatening an illegal action,Threatened arrest/jail if do not pay,UT,84119,Web,6/16/2015,6/17/2015,Solidus Group LLC.,Closed with explanation,Yes,
1423190,Payday loan,,Charged bank acct wrong day or amt,,IL,62249,Web,6/16/2015,6/16/2015,Cottonwood Financial Ltd.,Closed with explanation,Yes,Yes
1422744,Debt collection,,Cont'd attempts collect debt not owed,Debt is not mine,FL,34477,Web,6/16/2015,6/16/2015,Ocwen,Closed with explanation,Yes,Yes
1424286,Debt collection,Medical,Cont'd attempts collect debt not owed,Debt is not mine,AL,35611,Web,6/16/2015,6/16/2015,"Harvard Collections, LLC",Closed with explanation,Yes,
1423012,Bank account or service,(CD) Certificate of deposit,"Account opening, closing, or management",,AZ,85331,Referral,6/16/2015,6/18/2015,U.S. Bancorp,Closed with explanation,Yes,
1422973,Debt collection,Credit card,False statements or representation,Attempted to collect wrong amount,CA,90292,Web,6/16/2015,6/16/2015,Bank of America,Closed with explanation,Yes,Yes
1422861,Debt collection,,Disclosure verification of debt,Not given enough info to verify debt,AZ,85355,Web,6/16/2015,6/18/2015,Patenaude & Felix APC,Closed with explanation,Yes,
1422934,Mortgage,Other mortgage,"Loan modification,collection,foreclosure",,OH,44320,Referral,6/16/2015,6/18/2015,Ocwen,Closed,Yes,
1422868,Credit card,,Advertising and marketing,,MN,55425,Web,6/16/2015,6/16/2015,U.S. Bancorp,Closed with monetary relief,Yes,
1422865,Credit reporting,,Credit reporting company's investigation,Problem with statement of dispute,WA,98041,Web,6/16/2015,6/16/2015,TransUnion,Closed with explanation,Yes,
1422924,Credit reporting,,Credit reporting company's investigation,Problem with statement of dispute,FL,33324,Web,6/16/2015,6/16/2015,Experian,In progress,Yes,
1422903,Mortgage,FHA mortgage,"Loan servicing, payments, escrow account",,CO,80224,Web,6/16/2015,6/16/2015,"PennyMac Loan Services, LLC",Closed with explanation,Yes,
1422885,Credit reporting,,Unable to get credit report/credit score,Problem getting my free annual report,GA,30316,Web,6/16/2015,6/16/2015,Equifax,Closed with non-monetary relief,Yes,Yes
1423342,Credit reporting,,Incorrect information on credit report,Information is not mine,MA,2171,Web,6/16/2015,6/18/2015,Equifax,Closed with explanation,Yes,Yes
1423667,Debt collection,"Other (phone, health club, etc.)",Cont'd attempts collect debt not owed,Debt is not mine,CA,94578,Web,6/16/2015,6/18/2015,"Enhanced Recovery Company, LLC",Closed with explanation,Yes,
1423013,Bank account or service,Savings account,"Account opening, closing, or management",,AR,72058,Phone,6/16/2015,6/17/2015,Wells Fargo,Closed with non-monetary relief,Yes,Yes
1423328,Credit reporting,,Incorrect information on credit report,Information is not mine,WA,98059,Web,6/16/2015,6/16/2015,Equifax,Closed with explanation,Yes,Yes
1423098,Bank account or service,Checking account,Deposits and withdrawals,,PA,19115,Web,6/16/2015,6/16/2015,Wells Fargo,Closed with explanation,Yes,
1423066,Bank account or service,Checking account,Deposits and withdrawals,,FL,32233,Referral,6/16/2015,6/17/2015,Bank of America,In progress,Yes,
1423064,Consumer loan,Vehicle loan,Managing the loan or lease,,SC,29706,Web,6/16/2015,6/16/2015,DriveTime,Closed with explanation,Yes,Yes
1423026,Credit card,,Late fee,,VA,22911,Web,6/16/2015,6/16/2015,Citibank,Closed with monetary relief,Yes,
1423063,Debt collection,Credit card,Improper contact or sharing of info,Contacted employer after asked not to,RI,2817,Web,6/16/2015,6/16/2015,"Client Services, Inc.",Closed with explanation,Yes,
1423091,Credit reporting,,Incorrect information on credit report,Account terms,TX,78676,Web,6/16/2015,6/16/2015,Equifax,Closed with explanation,Yes,Yes
1423080,Debt collection,Medical,Cont'd attempts collect debt not owed,Debt was paid,TX,79706,Web,6/16/2015,6/18/2015,"R & R Collection Service, Inc.",Closed with explanation,Yes,
1423090,Credit reporting,,Incorrect information on credit report,Reinserted previously deleted info,TX,78676,Web,6/16/2015,6/16/2015,Experian,Closed with explanation,Yes,
1423089,Payday loan,,Applied for loan/did not receive money,,TX,78745,Web,6/16/2015,6/16/2015,Speedy Cash Holdings,Closed with explanation,Yes,
1423298,Credit reporting,,Incorrect information on credit report,Information is not mine,NY,11361,Web,6/16/2015,6/16/2015,TransUnion,Closed with explanation,Yes,
1423218,Bank account or service,Checking account,Deposits and withdrawals,,TX,78259,Web,6/16/2015,6/18/2015,Bank of America,Closed with monetary relief,Yes,
1423212,Debt collection,,Cont'd attempts collect debt not owed,Debt is not mine,OH,43215,Phone,6/16/2015,6/17/2015,Navy FCU,In progress,Yes,
1423176,Credit card,,Customer service / Customer relations,,CA,95670,Web,6/16/2015,6/16/2015,Citibank,Closed with non-monetary relief,Yes,
1423297,Credit reporting,,Incorrect information on credit report,Information is not mine,NY,11361,Web,6/16/2015,6/16/2015,Experian,Closed with explanation,Yes,
1423222,Credit reporting,,Incorrect information on credit report,Information is not mine,OH,44406,Web,6/16/2015,6/16/2015,Experian,Closed with explanation,Yes,
1423281,Credit reporting,,Incorrect information on credit report,Information is not mine,DC,20001,Web,6/16/2015,6/16/2015,Equifax,In progress,Yes,
1423296,Debt collection,,Cont'd attempts collect debt not owed,Debt is not mine,NY,11361,Web,6/16/2015,6/18/2015,"Credit Bureau of Lancaster County, Inc.",Closed with explanation,Yes,
1423295,Credit reporting,,Incorrect information on credit report,Information is not mine,NY,11361,Web,6/16/2015,6/16/2015,Experian,Closed,Yes,
1424267,Debt collection,Medical,Taking/threatening an illegal action,Threatened to sue on too old debt,NY,12498,Web,6/16/2015,6/16/2015,"Collection Bureau of the Hudson Valley, Inc.",Closed with non-monetary relief,Yes,
1423483,Credit reporting,,Incorrect information on credit report,Account status,FL,33437,Web,6/16/2015,6/16/2015,Experian,In progress,Yes,
1423363,Debt collection,"Other (phone, health club, etc.)",Cont'd attempts collect debt not owed,Debt was paid,CA,91202,Web,6/16/2015,6/16/2015,"Enhanced Recovery Company, LLC",Closed with non-monetary relief,Yes,
1423357,Debt collection,,Disclosure verification of debt,Not given enough info to verify debt,NY,10462,Postal mail,6/16/2015,6/18/2015,"Delta Outsource Group, Inc.",Closed with explanation,Yes,
1423344,Money transfers,International money transfer,Fraud or scam,,PA,19152,Web,6/16/2015,6/18/2015,MoneyGram,In progress,Yes,
1423617,Mortgage,Conventional fixed mortgage,Settlement process and costs,,KS,66226,Web,6/16/2015,6/16/2015,Nationstar Mortgage,Closed with explanation,Yes,
1423452,Debt collection,"Other (phone, health club, etc.)",Cont'd attempts collect debt not owed,Debt is not mine,IL,60030,Web,6/16/2015,6/16/2015,Stellar Recovery Inc.,Closed with explanation,Yes,
1423418,Payday loan,,Charged fees or interest I didn't expect,,WA,98203,Web,6/16/2015,6/18/2015,"Monterey Financial Services, Inc.",Closed with explanation,Yes,
1423389,Bank account or service,Checking account,"Account opening, closing, or management",,CA,95860,Web,6/16/2015,6/16/2015,U.S. Bancorp,Closed with explanation,Yes,Yes
1423414,Debt collection,Credit card,Improper contact or sharing of info,Talked to a third party about my debt,FL,33014,Web,6/16/2015,6/16/2015,"Premium Asset Services, LLC",In progress,Yes,
1423408,Debt collection,Medical,Improper contact or sharing of info,Talked to a third party about my debt,VA,24521,Web,6/16/2015,6/16/2015,"CHS, Inc.",Closed with explanation,Yes,
1423427,Credit reporting,,Credit reporting company's investigation,Problem with statement of dispute,MD,20912,Web,6/16/2015,6/16/2015,Equifax,Closed with non-monetary relief,Yes,
1423503,Credit reporting,,Incorrect information on credit report,Personal information,GA,31605,Web,6/16/2015,6/16/2015,Equifax,Closed with explanation,Yes,
1423597,Debt collection,Medical,Cont'd attempts collect debt not owed,Debt was paid,NM,88012,Web,6/16/2015,6/16/2015,Transworld Systems Inc.,In progress,Yes,
1423502,Debt collection,Medical,Cont'd attempts collect debt not owed,Debt is not mine,FL,33149,Web,6/16/2015,6/16/2015,Transworld Systems Inc.,Closed with explanation,Yes,
1423501,Debt collection,Medical,Cont'd attempts collect debt not owed,Debt was paid,TX,79912,Web,6/16/2015,6/16/2015,"Synerprise Consulting Services, Inc.",Closed with explanation,Yes,
1423592,Prepaid card,General purpose card,Unauthorized transactions/trans. issues,,CA,92780,Web,6/16/2015,6/18/2015,Amex,Closed with explanation,Yes,
1423526,Debt collection,"Other (phone, health club, etc.)",Cont'd attempts collect debt not owed,Debt is not mine,NC,28214,Web,6/16/2015,6/16/2015,"Enhanced Recovery Company, LLC",Closed with non-monetary relief,Yes,
1423512,Credit reporting,,Incorrect information on credit report,Reinserted previously deleted info,CA,92410,Web,6/16/2015,6/16/2015,Equifax,Closed with explanation,Yes,
1423574,Debt collection,Credit card,False statements or representation,Attempted to collect wrong amount,TX,77546,Web,6/16/2015,6/16/2015,GE Capital Retail,Closed with explanation,Yes,
1423531,Credit card,,Closing/Cancelling account,,WA,98146,Web,6/16/2015,6/16/2015,TD Bank,Closed with explanation,Yes,Yes
1423527,Credit reporting,,Credit reporting company's investigation,No notice of investigation status/result,NC,27569,Web,6/16/2015,6/16/2015,Experian,Closed with explanation,Yes,
1423533,Mortgage,Conventional fixed mortgage,"Loan servicing, payments, escrow account",,FL,32046,Web,6/16/2015,6/16/2015,Nationstar Mortgage,Closed with explanation,Yes,
1423569,Debt collection,Payday loan,Communication tactics,Threatened to take legal action,OH,44111,Web,6/16/2015,6/16/2015,"United Recovery Group, LLC",Closed with explanation,Yes,
1423545,Bank account or service,Checking account,Deposits and withdrawals,,OK,73170,Web,6/16/2015,6/16/2015,JPMorgan Chase,Closed with explanation,Yes,
1423688,Credit reporting,,Incorrect information on credit report,Information is not mine,CA,90045,Web,6/16/2015,6/16/2015,TransUnion,Closed with explanation,Yes,
1423674,Mortgage,Conventional adjustable mortgage (ARM),"Loan servicing, payments, escrow account",,TX,77017,Web,6/16/2015,6/16/2015,"Select Portfolio Servicing, Inc",Closed with explanation,Yes,Yes
1423673,Bank account or service,Other bank product/service,"Account opening, closing, or management",,CA,90265,Fax,6/16/2015,6/18/2015,"Continental Finance Company, LLC",Closed with explanation,Yes,
1424239,Mortgage,FHA mortgage,"Loan servicing, payments, escrow account",,CA,90650,Web,6/16/2015,6/16/2015,Ocwen,Closed with explanation,Yes,
1423708,Consumer loan,Installment loan,Managing the loan or lease,,IA,50023,Web,6/16/2015,6/17/2015,Ocwen,Closed with explanation,Yes,
1423699,Debt collection,,Cont'd attempts collect debt not owed,Debt is not mine,MA,1007,Web,6/16/2015,6/18/2015,"Associated Credit Services, Inc.",Closed with non-monetary relief,Yes,
1423758,Debt collection,,Improper contact or sharing of info,Contacted me after I asked not to,CA,94609,Web,6/16/2015,6/16/2015,"Financial Credit Service, Inc.",Closed with explanation,Yes,Yes
1424194,Credit card,,Other,,CA,92336,Web,6/16/2015,6/16/2015,Wells Fargo,Closed with explanation,Yes,
1423788,Bank account or service,Checking account,Problems caused by my funds being low,,CA,90002,Phone,6/16/2015,6/17/2015,Wells Fargo,Closed with monetary relief,Yes,
1423759,Credit reporting,,Credit reporting company's investigation,No notice of investigation status/result,AZ,85122,Web,6/16/2015,6/16/2015,Experian,Closed,Yes,
1424189,Consumer loan,Vehicle loan,Managing the loan or lease,,VA,22042,Web,6/16/2015,6/16/2015,Navy FCU,In progress,Yes,
1423949,Payday loan,,Received a loan I didn't apply for,,LA,71203,Web,6/16/2015,6/16/2015,Speedy Cash Holdings,Closed with explanation,Yes,
1423803,Debt collection,Credit card,Communication tactics,Frequent or repeated calls,WA,98101,Web,6/16/2015,6/16/2015,Allied Interstate LLC,Closed with non-monetary relief,Yes,
1423946,Credit reporting,,Unable to get credit report/credit score,Problem getting my free annual report,IL,60563,Web,6/16/2015,6/16/2015,Equifax,Closed with explanation,Yes,Yes
1423881,Credit reporting,,Credit reporting company's investigation,Problem with statement of dispute,TX,76093,Web,6/16/2015,6/16/2015,Equifax,Closed with explanation,Yes,
1423827,Student loan,Non-federal student loan,Dealing with my lender or servicer,,OH,43081,Web,6/16/2015,6/16/2015,Citibank,Closed with explanation,Yes,
1423923,Debt collection,Medical,Communication tactics,Threatened to take legal action,WA,98682,Web,6/16/2015,6/16/2015,"Asset Recovery Group, Inc.",Closed with explanation,Yes,
1423902,Mortgage,Conventional adjustable mortgage (ARM),"Loan servicing, payments, escrow account",,TX,77389,Web,6/16/2015,6/16/2015,Ocwen,Closed with explanation,Yes,
1423917,Debt collection,Payday loan,Taking/threatening an illegal action,Threatened arrest/jail if do not pay,CA,91359,Web,6/16/2015,6/16/2015,"Community Choice Financial, Inc.",Closed with explanation,Yes,Yes
1424176,Credit reporting,,Incorrect information on credit report,Personal information,FL,32701,Web,6/16/2015,6/19/2015,Equifax,Closed with explanation,Yes,
1423952,Credit reporting,,Incorrect information on credit report,Information is not mine,NY,98001,Web,6/16/2015,6/16/2015,Equifax,Closed with explanation,Yes,
1423951,Credit reporting,,Incorrect information on credit report,Information is not mine,WA,98001,Web,6/16/2015,6/16/2015,Experian,Closed with explanation,Yes,
1424101,Debt collection,,Cont'd attempts collect debt not owed,Debt resulted from identity theft,WI,53703,Web,6/16/2015,6/16/2015,"Enova International, Inc.",Closed with explanation,Yes,
1423983,Bank account or service,Checking account,Problems caused by my funds being low,,NJ,8721,Referral,6/16/2015,6/17/2015,TD Bank,Closed with explanation,Yes,
1424075,Credit reporting,,Incorrect information on credit report,Account status,MD,21702,Web,6/16/2015,6/19/2015,Equifax,Closed with non-monetary relief,Yes,
1424015,Credit reporting,,Incorrect information on credit report,Information is not mine,IL,60612,Web,6/16/2015,6/16/2015,TransUnion,Closed with explanation,Yes,
1424054,Credit reporting,,Incorrect information on credit report,Public record,GA,30294,Web,6/16/2015,6/16/2015,TransUnion,Closed with explanation,Yes,
1424384,Debt collection,,Disclosure verification of debt,Not given enough info to verify debt,TX,76107,Web,6/16/2015,6/19/2015,"Enhanced Recovery Company, LLC",Closed with non-monetary relief,Yes,
1424410,Mortgage,Conventional adjustable mortgage (ARM),"Loan modification,collection,foreclosure",,CA,92656,Web,6/16/2015,6/17/2015,"Servis One, Inc.",Closed with explanation,Yes,Yes
1424321,Credit reporting,,Credit monitoring or identity protection,Account terms and changes,IL,60465,Web,6/16/2015,6/16/2015,Experian,In progress,Yes,
1424311,Credit reporting,,Incorrect information on credit report,Information is not mine,GA,30189,Web,6/16/2015,6/16/2015,Equifax,Closed with explanation,Yes,
1424332,Credit reporting,,Incorrect information on credit report,Account terms,OH,45246,Web,6/16/2015,6/16/2015,Equifax,Closed with explanation,Yes,Yes
1424356,Credit reporting,,Unable to get credit report/credit score,Problem getting report or credit score,DE,19802,Web,6/16/2015,6/16/2015,Equifax,Closed with non-monetary relief,Yes,
1424375,Credit reporting,,Credit reporting company's investigation,No notice of investigation status/result,NV,89145,Web,6/16/2015,6/16/2015,Experian,In progress,Yes,
1424366,Debt collection,"Other (phone, health club, etc.)",Cont'd attempts collect debt not owed,Debt resulted from identity theft,NY,11203,Web,6/16/2015,6/16/2015,"Southwest Credit Systems, L.P.",In progress,Yes,
1424396,Credit reporting,,Incorrect information on credit report,Account status,TX,77072,Web,6/16/2015,6/16/2015,Experian,In progress,Yes,
1424400,Credit reporting,,Incorrect information on credit report,Account terms,MO,64138,Web,6/16/2015,6/16/2015,TransUnion,Closed with explanation,Yes,
1424391,Credit reporting,,Credit reporting company's investigation,Investigation took too long,CO,80010,Web,6/16/2015,6/17/2015,Equifax,Closed with explanation,Yes,
1424388,Debt collection,"Other (phone, health club, etc.)",Cont'd attempts collect debt not owed,Debt was paid,ME,4062,Web,6/16/2015,6/22/2015,"The Thomas Agency, Inc.",Closed with explanation,Yes,
1424395,Credit reporting,,Incorrect information on credit report,Account status,TX,77072,Web,6/16/2015,6/16/2015,Equifax,In progress,Yes,
1424394,Credit reporting,,Incorrect information on credit report,Account status,TX,77072,Web,6/16/2015,6/16/2015,TransUnion,In progress,Yes,
1424398,Debt collection,"Other (phone, health club, etc.)",Disclosure verification of debt,Right to dispute notice not received,NC,28645,Web,6/16/2015,6/16/2015,"Enhanced Recovery Company, LLC",Closed with non-monetary relief,Yes,
1424423,Credit reporting,,Incorrect information on credit report,Information is not mine,NY,11434,Web,6/16/2015,6/17/2015,Equifax,In progress,Yes,
1424420,Credit reporting,,Incorrect information on credit report,Information is not mine,NY,11434,Web,6/16/2015,6/16/2015,Experian,Closed with explanation,Yes,
1424431,Debt collection,,Cont'd attempts collect debt not owed,Debt is not mine,FL,33484,Web,6/16/2015,6/16/2015,PNC Bank,Closed with explanation,Yes,Yes
1424422,Credit reporting,,Incorrect information on credit report,Information is not mine,NY,11434,Web,6/16/2015,6/17/2015,Experian,Closed with non-monetary relief,Yes,
1424421,Debt collection,,Cont'd attempts collect debt not owed,Debt is not mine,NY,11434,Web,6/16/2015,6/16/2015,Encore Capital Group,Closed with explanation,Yes,
1424458,Debt collection,Credit card,Communication tactics,Frequent or repeated calls,WA,98312,Postal mail,6/16/2015,6/19/2015,Merchants Credit Corporation,Closed with explanation,Yes,
1424485,Consumer loan,Vehicle loan,Problems when you are unable to pay,,NJ,8060,Web,6/16/2015,6/16/2015,American Honda Finance Corporation,Closed with monetary relief,Yes,
1424467,Credit reporting,,Incorrect information on credit report,Account status,NY,11704,Web,6/16/2015,6/16/2015,Equifax,In progress,Yes,
1424468,Credit reporting,,Incorrect information on credit report,Account status,NY,11704,Web,6/16/2015,6/16/2015,Experian,In progress,Yes,
1424469,Payday loan,,Can't stop charges to bank account,,FL,32084,Web,6/16/2015,6/19/2015,Solidus Group LLC.,Closed with explanation,Yes,
1424598,Payday loan,,Received a loan I didn't apply for,,IN,46254,Web,6/16/2015,6/16/2015,"MNE Services, Inc",Closed with explanation,Yes,
1424759,Credit reporting,,Improper use of my credit report,Report improperly shared by CRC,LA,70737,Web,6/16/2015,6/16/2015,Equifax,In progress,Yes,
1424522,Credit card,,Late fee,,MD,20744,Web,6/16/2015,6/16/2015,"Continental Finance Company, LLC",In progress,Yes,
1424604,Credit reporting,,Incorrect information on credit report,Personal information,GA,30134,Web,6/16/2015,6/16/2015,Experian,Closed with explanation,Yes,
1424600,Credit reporting,,Credit reporting company's investigation,Problem with statement of dispute,MI,48091,Web,6/16/2015,6/17/2015,Equifax,Closed with explanation,Yes,Yes
1424564,Credit reporting,,Unable to get credit report/credit score,Problem getting report or credit score,CA,93035,Web,6/16/2015,6/16/2015,Equifax,Closed with explanation,Yes,
1424505,Credit reporting,,Incorrect information on credit report,Account status,CA,95825,Web,6/16/2015,6/17/2015,Experian,Closed with non-monetary relief,Yes,Yes
1424503,Credit reporting,,Incorrect information on credit report,Account status,CA,95825,Web,6/16/2015,6/17/2015,Equifax,In progress,Yes,
1424513,Student loan,Non-federal student loan,Dealing with my lender or servicer,,MI,49337,Web,6/16/2015,6/18/2015,Transworld Systems Inc.,In progress,Yes,
1424506,Credit reporting,,Incorrect information on credit report,Account status,CA,95825,Web,6/16/2015,6/17/2015,Experian,Closed with non-monetary relief,Yes,Yes
1424510,Credit reporting,,Credit reporting company's investigation,No notice of investigation status/result,NV,89706,Web,6/16/2015,6/16/2015,TransUnion,Closed with explanation,Yes,
1424523,Debt collection,Credit card,Disclosure verification of debt,Right to dispute notice not received,AZ,85029,Postal mail,6/16/2015,6/19/2015,"Bursey & Associates, P.C.",Closed with explanation,Yes,
1424602,Credit reporting,,Unable to get credit report/credit score,Problem getting report or credit score,MI,48091,Web,6/16/2015,6/16/2015,Experian,Closed with non-monetary relief,Yes,Yes
1424601,Credit reporting,,Credit reporting company's investigation,Problem with statement of dispute,MI,48091,Web,6/16/2015,6/17/2015,TransUnion,Closed with explanation,Yes,Yes
1424609,Debt collection,"Other (phone, health club, etc.)",Cont'd attempts collect debt not owed,Debt is not mine,CA,93561,Web,6/16/2015,6/16/2015,"GLA Collection Company, Inc.",Closed with explanation,Yes,
1424746,Debt collection,"Other (phone, health club, etc.)",Cont'd attempts collect debt not owed,Debt is not mine,CA,90031,Web,6/16/2015,6/16/2015,Stellar Recovery Inc.,Closed with explanation,Yes,
1424788,Mortgage,Other mortgage,"Loan modification,collection,foreclosure",,FL,33330,Referral,6/16/2015,6/19/2015,"Bayview Loan Servicing, LLC",In progress,Yes,
1422610,Credit reporting,,Credit reporting company's investigation,No notice of investigation status/result,IL,62040,Web,6/16/2015,6/17/2015,Equifax,Closed with explanation,Yes,
1424597,Mortgage,Conventional adjustable mortgage (ARM),"Loan modification,collection,foreclosure",,CA,94597,Web,6/16/2015,6/16/2015,Residential Credit Solutions,Closed with explanation,Yes,
1424014,Credit reporting,,Incorrect information on credit report,Information is not mine,IL,60612,Web,6/16/2015,6/16/2015,Experian,In progress,Yes,